pcr_handle_id,pcr_handle_f,pcr_handle_r
winston2022-FP1.RP1,CTATCTGGCCTCAAAGCACT,TTGACTCCTCCTCTTGCCTA
winston2022-FP1.RP2,CTATCTGGCCTCAAAGCACT,CGACTCAATTCTGCTCCTGT
winston2022-FP1.RP3,CTATCTGGCCTCAAAGCACT,GTCGAGCACTGATTGTGGAA
winston2022-FP1.RP4,CTATCTGGCCTCAAAGCACT,GTACTGCTCGGCCACTTATT
winston2022-FP1.RP5,CTATCTGGCCTCAAAGCACT,GCGTTGTCTCTAGCGAAAGA
winston2022-FP1.RP6,CTATCTGGCCTCAAAGCACT,TCATTTCTCCGACAGGCTTG
winston2022-FP1.RP7,CTATCTGGCCTCAAAGCACT,CCTCTCTTCGCGTTGATCTT
winston2022-FP1.RP8,CTATCTGGCCTCAAAGCACT,GCAAGACAATAGGCTTCGGT
winston2022-FP1.RP9,CTATCTGGCCTCAAAGCACT,CGCTGCTGGTAATTTAACCG
winston2022-FP2.RP1,TCTGGCAGCACGAAGATAAG,TTGACTCCTCCTCTTGCCTA
winston2022-FP2.RP2,TCTGGCAGCACGAAGATAAG,CGACTCAATTCTGCTCCTGT
winston2022-FP2.RP3,TCTGGCAGCACGAAGATAAG,GTCGAGCACTGATTGTGGAA
winston2022-FP2.RP4,TCTGGCAGCACGAAGATAAG,GTACTGCTCGGCCACTTATT
winston2022-FP2.RP5,TCTGGCAGCACGAAGATAAG,GCGTTGTCTCTAGCGAAAGA
winston2022-FP2.RP6,TCTGGCAGCACGAAGATAAG,TCATTTCTCCGACAGGCTTG
winston2022-FP2.RP7,TCTGGCAGCACGAAGATAAG,CCTCTCTTCGCGTTGATCTT
winston2022-FP2.RP8,TCTGGCAGCACGAAGATAAG,GCAAGACAATAGGCTTCGGT
winston2022-FP2.RP9,TCTGGCAGCACGAAGATAAG,CGCTGCTGGTAATTTAACCG
winston2022-FP3.RP1,AGGAGACAAGTAACGTGTGC,TTGACTCCTCCTCTTGCCTA
winston2022-FP3.RP2,AGGAGACAAGTAACGTGTGC,CGACTCAATTCTGCTCCTGT
winston2022-FP3.RP3,AGGAGACAAGTAACGTGTGC,GTCGAGCACTGATTGTGGAA
winston2022-FP3.RP4,AGGAGACAAGTAACGTGTGC,GTACTGCTCGGCCACTTATT
winston2022-FP3.RP5,AGGAGACAAGTAACGTGTGC,GCGTTGTCTCTAGCGAAAGA
winston2022-FP3.RP6,AGGAGACAAGTAACGTGTGC,TCATTTCTCCGACAGGCTTG
winston2022-FP3.RP7,AGGAGACAAGTAACGTGTGC,CCTCTCTTCGCGTTGATCTT
winston2022-FP3.RP8,AGGAGACAAGTAACGTGTGC,GCAAGACAATAGGCTTCGGT
winston2022-FP3.RP9,AGGAGACAAGTAACGTGTGC,CGCTGCTGGTAATTTAACCG
winston2022-FP4.RP1,TAAGAAAGGCATCGTCACCG,TTGACTCCTCCTCTTGCCTA
winston2022-FP4.RP2,TAAGAAAGGCATCGTCACCG,CGACTCAATTCTGCTCCTGT
winston2022-FP4.RP3,TAAGAAAGGCATCGTCACCG,GTCGAGCACTGATTGTGGAA
winston2022-FP4.RP4,TAAGAAAGGCATCGTCACCG,GTACTGCTCGGCCACTTATT
winston2022-FP4.RP5,TAAGAAAGGCATCGTCACCG,GCGTTGTCTCTAGCGAAAGA
winston2022-FP4.RP6,TAAGAAAGGCATCGTCACCG,TCATTTCTCCGACAGGCTTG
winston2022-FP4.RP7,TAAGAAAGGCATCGTCACCG,CCTCTCTTCGCGTTGATCTT
winston2022-FP4.RP8,TAAGAAAGGCATCGTCACCG,GCAAGACAATAGGCTTCGGT
winston2022-FP4.RP9,TAAGAAAGGCATCGTCACCG,CGCTGCTGGTAATTTAACCG
winston2022-FP5.RP1,GTCACGTCACCAGGTAACAA,TTGACTCCTCCTCTTGCCTA
winston2022-FP5.RP2,GTCACGTCACCAGGTAACAA,CGACTCAATTCTGCTCCTGT
winston2022-FP5.RP3,GTCACGTCACCAGGTAACAA,GTCGAGCACTGATTGTGGAA
winston2022-FP5.RP4,GTCACGTCACCAGGTAACAA,GTACTGCTCGGCCACTTATT
winston2022-FP5.RP5,GTCACGTCACCAGGTAACAA,GCGTTGTCTCTAGCGAAAGA
winston2022-FP5.RP6,GTCACGTCACCAGGTAACAA,TCATTTCTCCGACAGGCTTG
winston2022-FP5.RP7,GTCACGTCACCAGGTAACAA,CCTCTCTTCGCGTTGATCTT
winston2022-FP5.RP8,GTCACGTCACCAGGTAACAA,GCAAGACAATAGGCTTCGGT
winston2022-FP5.RP9,GTCACGTCACCAGGTAACAA,CGCTGCTGGTAATTTAACCG
winston2022-FP6.RP1,TTTCCGATAGTTGAGGCAGG,TTGACTCCTCCTCTTGCCTA
winston2022-FP6.RP2,TTTCCGATAGTTGAGGCAGG,CGACTCAATTCTGCTCCTGT
winston2022-FP6.RP3,TTTCCGATAGTTGAGGCAGG,GTCGAGCACTGATTGTGGAA
winston2022-FP6.RP4,TTTCCGATAGTTGAGGCAGG,GTACTGCTCGGCCACTTATT
winston2022-FP6.RP5,TTTCCGATAGTTGAGGCAGG,GCGTTGTCTCTAGCGAAAGA
winston2022-FP6.RP6,TTTCCGATAGTTGAGGCAGG,TCATTTCTCCGACAGGCTTG
winston2022-FP6.RP7,TTTCCGATAGTTGAGGCAGG,CCTCTCTTCGCGTTGATCTT
winston2022-FP6.RP8,TTTCCGATAGTTGAGGCAGG,GCAAGACAATAGGCTTCGGT
winston2022-FP6.RP9,TTTCCGATAGTTGAGGCAGG,CGCTGCTGGTAATTTAACCG
winston2022-FP7.RP1,TGGTGAAACTACCGACTTCC,TTGACTCCTCCTCTTGCCTA
winston2022-FP7.RP2,TGGTGAAACTACCGACTTCC,CGACTCAATTCTGCTCCTGT
winston2022-FP7.RP3,TGGTGAAACTACCGACTTCC,GTCGAGCACTGATTGTGGAA
winston2022-FP7.RP4,TGGTGAAACTACCGACTTCC,GTACTGCTCGGCCACTTATT
winston2022-FP7.RP5,TGGTGAAACTACCGACTTCC,GCGTTGTCTCTAGCGAAAGA
winston2022-FP7.RP6,TGGTGAAACTACCGACTTCC,TCATTTCTCCGACAGGCTTG
winston2022-FP7.RP7,TGGTGAAACTACCGACTTCC,CCTCTCTTCGCGTTGATCTT
winston2022-FP7.RP8,TGGTGAAACTACCGACTTCC,GCAAGACAATAGGCTTCGGT
winston2022-FP7.RP9,TGGTGAAACTACCGACTTCC,CGCTGCTGGTAATTTAACCG
winston2022-FP8.RP1,AGTTGGTGACTATCCGTCCT,TTGACTCCTCCTCTTGCCTA
winston2022-FP8.RP2,AGTTGGTGACTATCCGTCCT,CGACTCAATTCTGCTCCTGT
winston2022-FP8.RP3,AGTTGGTGACTATCCGTCCT,GTCGAGCACTGATTGTGGAA
winston2022-FP8.RP4,AGTTGGTGACTATCCGTCCT,GTACTGCTCGGCCACTTATT
winston2022-FP8.RP5,AGTTGGTGACTATCCGTCCT,GCGTTGTCTCTAGCGAAAGA
winston2022-FP8.RP6,AGTTGGTGACTATCCGTCCT,TCATTTCTCCGACAGGCTTG
winston2022-FP8.RP7,AGTTGGTGACTATCCGTCCT,CCTCTCTTCGCGTTGATCTT
winston2022-FP8.RP8,AGTTGGTGACTATCCGTCCT,GCAAGACAATAGGCTTCGGT
winston2022-FP8.RP9,AGTTGGTGACTATCCGTCCT,CGCTGCTGGTAATTTAACCG
winston2022-FP9.RP1,CACATAGGCAAAGCGGAGTA,TTGACTCCTCCTCTTGCCTA
winston2022-FP9.RP2,CACATAGGCAAAGCGGAGTA,CGACTCAATTCTGCTCCTGT
winston2022-FP9.RP3,CACATAGGCAAAGCGGAGTA,GTCGAGCACTGATTGTGGAA
winston2022-FP9.RP4,CACATAGGCAAAGCGGAGTA,GTACTGCTCGGCCACTTATT
winston2022-FP9.RP5,CACATAGGCAAAGCGGAGTA,GCGTTGTCTCTAGCGAAAGA
winston2022-FP9.RP6,CACATAGGCAAAGCGGAGTA,TCATTTCTCCGACAGGCTTG
winston2022-FP9.RP7,CACATAGGCAAAGCGGAGTA,CCTCTCTTCGCGTTGATCTT
winston2022-FP9.RP8,CACATAGGCAAAGCGGAGTA,GCAAGACAATAGGCTTCGGT
winston2022-FP9.RP9,CACATAGGCAAAGCGGAGTA,CGCTGCTGGTAATTTAACCG
